Name,Name,Name,Name,Name,Name,Name,Name,Name,Name
2,0,Nike Air Max Pulse RoamJust InNike Air Max Pulse RoamMen's Shoes1 ColourMRP,? 14 995.00,-2,-4,Nike Air Max Pulse RoamJust InNike Air Max Pulse RoamMen's Shoes1 ColourMRP,? 14 995.01,-6,-8
3,1,Jordan One Take 4 PFJordan One Take 4 PFMen's Shoes1 ColourMRP,? 8 695.00,-1,-3,Jordan One Take 4 PFJordan One Take 4 PFMen's Shoes1 ColourMRP,? 8 695.01,-5,-7
4,2,Nike Court Vision Low Next NatureBestsellerNike Court Vision Low Next NatureMen's Shoes1 ColourMRP,? 4 995.00,0,-2,Nike Court Vision Low Next NatureBestsellerNike Court Vision Low Next NatureMen's Shoes1 ColourMRP,? 4 995.01,-4,-6
5,3,Nike Air Max 97Nike Air Max 97Men's Shoes2 ColoursMRP,? 16 995.00,1,-1,Nike Air Max 97Nike Air Max 97Men's Shoes2 ColoursMRP,? 16 995.01,-3,-5
6,4,Jordan Club CapSustainable MaterialsJordan Club CapAdjustable Hat1 ColourMRP,? 1 195.00,2,0,Jordan Club CapSustainable MaterialsJordan Club CapAdjustable Hat1 ColourMRP,? 1 195.01,-2,-4
7,5,Nike Victori OneNike Victori OneMen's Printed Slides2 ColoursMRP,? 2 595.00,3,1,Nike Victori OneNike Victori OneMen's Printed Slides2 ColoursMRP,? 2 595.01,-1,-3
8,6,Nike Sportswear Tech PackMember productNike Sportswear Tech PackMen's Knit Jumper2 ColoursMRP,? 6 495.00,4,2,Nike Sportswear Tech PackMember productNike Sportswear Tech PackMen's Knit Jumper2 ColoursMRP,? 6 495.01,0,-2
9,7,Nike SportswearNike SportswearMen's T-Shirt2 ColoursMRP,? 2 195.00,5,3,Nike SportswearNike SportswearMen's T-Shirt2 ColoursMRP,? 2 195.01,1,-1
10,8,Nike Blazer Low '77 VintageJust InNike Blazer Low '77 VintageMen's Shoes2 ColoursMRP,? 7 195.00,6,4,Nike Blazer Low '77 VintageJust InNike Blazer Low '77 VintageMen's Shoes2 ColoursMRP,? 7 195.01,2,0
11,9,Nike Air Max SYSTMJust InNike Air Max SYSTMMen's Shoes3 ColoursMRP,? 8 595.00,7,5,Nike Air Max SYSTMJust InNike Air Max SYSTMMen's Shoes3 ColoursMRP,? 8 595.01,3,1
12,10,Nike Air Max 1Just InNike Air Max 1Men's shoes1 ColourMRP,? 12 795.00,8,6,Nike Air Max 1Just InNike Air Max 1Men's shoes1 ColourMRP,? 12 795.01,4,2
13,11,Nike Air Max PulseJust InNike Air Max PulseMen's Shoes1 ColourMRP,? 13 995.00,9,7,Nike Air Max PulseJust InNike Air Max PulseMen's Shoes1 ColourMRP,? 13 995.01,5,3
14,12,Nike Air Max PlusJust InNike Air Max PlusShoes1 ColourMRP,? 18 395.00,10,8,Nike Air Max PlusJust InNike Air Max PlusShoes1 ColourMRP,? 18 395.01,6,4
15,13,Nike Air Max ExceeJust InNike Air Max ExceeMen's Shoe1 ColourMRP,? 7 995.00,11,9,Nike Air Max ExceeJust InNike Air Max ExceeMen's Shoe1 ColourMRP,? 7 995.01,7,5
16,14,Jordan Essentials HolidayJust InJordan Essentials HolidayMen's Fleece Pullover Hoodie2 ColoursMRP,? 4 395.00,12,10,Jordan Essentials HolidayJust InJordan Essentials HolidayMen's Fleece Pullover Hoodie2 ColoursMRP,? 4 395.01,8,6
17,15,Jordan Essentials HolidayJust InJordan Essentials HolidayMen's Fleece Crew3 ColoursMRP,? 3 795.00,13,11,Jordan Essentials HolidayJust InJordan Essentials HolidayMen's Fleece Crew3 ColoursMRP,? 3 795.01,9,7
18,16,Jordan Flight EssentialsJust InJordan Flight EssentialsMen's Oversized T-Shirt2 ColoursMRP,? 2 495.00,14,12,Jordan Flight EssentialsJust InJordan Flight EssentialsMen's Oversized T-Shirt2 ColoursMRP,? 2 495.01,10,8
19,17,Jordan Flight EssentialsJust InJordan Flight EssentialsMen's T-Shirt2 ColoursMRP,? 1 995.00,15,13,Jordan Flight EssentialsJust InJordan Flight EssentialsMen's T-Shirt2 ColoursMRP,? 1 995.01,11,9
20,18,Air Jordan 1 LowBestsellerAir Jordan 1 LowWomen's Shoes1 ColourMRP,? 8 295.00,16,14,Air Jordan 1 LowBestsellerAir Jordan 1 LowWomen's Shoes1 ColourMRP,? 8 295.01,12,10
21,19,Nike SB Dunk Low ProPromo ExclusionNike SB Dunk Low ProSkate Shoes1 ColourMRP,? 8 695.00,17,15,Nike SB Dunk Low ProPromo ExclusionNike SB Dunk Low ProSkate Shoes1 ColourMRP,? 8 695.01,13,11
22,20,Nike Dunk Low Retro PremiumNike Dunk Low Retro PremiumMen's Shoes1 ColourMRP,? 9 695.00,18,16,Nike Dunk Low Retro PremiumNike Dunk Low Retro PremiumMen's Shoes1 ColourMRP,? 9 695.01,14,12
23,21,Nike Air Force 1 '07 LV8Just InNike Air Force 1 '07 LV8Men's Shoes1 ColourMRP,? 10 795.00,19,17,Nike Air Force 1 '07 LV8Just InNike Air Force 1 '07 LV8Men's Shoes1 ColourMRP,? 10 795.01,15,13
24,22,Nike Full Force LowNike Full Force LowMen's Shoes3 ColoursMRP,? 8 495.00,20,18,Nike Full Force LowNike Full Force LowMen's Shoes3 ColoursMRP,? 8 495.01,16,14
25,23,Nike Court Vision LowJust InNike Court Vision LowMen's Shoes1 ColourMRP,? 5 695.00,21,19,Nike Court Vision LowJust InNike Court Vision LowMen's Shoes1 ColourMRP,? 5 695.01,17,15
